{"assets/1163468.png":["assets/1163468.png"],"assets/1495631.png":["assets/1495631.png"],"assets/1674785.png":["assets/1674785.png"],"assets/2272903.png":["assets/2272903.png"],"assets/2350520.png":["assets/2350520.png"],"assets/2592309.png":["assets/2592309.png"],"assets/2717161.png":["assets/2717161.png"],"assets/2717167.png":["assets/2717167.png"],"assets/2814932.png":["assets/2814932.png"],"assets/2837951.png":["assets/2837951.png"],"assets/2940302.png":["assets/2940302.png"],"assets/2940372.png":["assets/2940372.png"],"assets/3097702.png":["assets/3097702.png"],"assets/3358712.png":["assets/3358712.png"],"assets/3985603.png":["assets/3985603.png"],"assets/3985643.png":["assets/3985643.png"],"assets/4125334.png":["assets/4125334.png"],"assets/4491777.png":["assets/4491777.png"],"assets/4964802.png":["assets/4964802.png"],"assets/5902007.png":["assets/5902007.png"],"assets/887776.png":["assets/887776.png"],"assets/a.png":["assets/a.png"],"assets/apps.png":["assets/apps.png"],"assets/arrow.png":["assets/arrow.png"],"assets/ba.png":["assets/ba.png"],"assets/bbb%20(1).png":["assets/bbb%20(1).png"],"assets/bd.png":["assets/bd.png"],"assets/bit.png":["assets/bit.png"],"assets/bookmarks.png":["assets/bookmarks.png"],"assets/coover.png":["assets/coover.png"],"assets/cover.png":["assets/cover.png"],"assets/cpro.png":["assets/cpro.png"],"assets/cryp.png":["assets/cryp.png"],"assets/d.png":["assets/d.png"],"assets/dra.jpg":["assets/dra.jpg"],"assets/ethe.png":["assets/ethe.png"],"assets/f.png":["assets/f.png"],"assets/g.png":["assets/g.png"],"assets/h.png":["assets/h.png"],"assets/iconn.png":["assets/iconn.png"],"assets/iconnnn.png":["assets/iconnnn.png"],"assets/j.png":["assets/j.png"],"assets/k.png":["assets/k.png"],"assets/kk.png":["assets/kk.png"],"assets/png-transparent-solidity-ethereum-smart-contract-blockchain-cryptocurrency-blockchain-angle-triangle-logo.png":["assets/png-transparent-solidity-ethereum-smart-contract-blockchain-cryptocurrency-blockchain-angle-triangle-logo.png"],"assets/pro.png":["assets/pro.png"],"assets/s.png":["assets/s.png"],"assets/sicon.png":["assets/sicon.png"],"assets/sss.png":["assets/sss.png"],"assets/tips.png":["assets/tips.png"],"assets/wifi.png":["assets/wifi.png"],"packages/cupertino_icons/assets/CupertinoIcons.ttf":["packages/cupertino_icons/assets/CupertinoIcons.ttf"],"packages/fluttertoast/assets/toastify.css":["packages/fluttertoast/assets/toastify.css"],"packages/fluttertoast/assets/toastify.js":["packages/fluttertoast/assets/toastify.js"]}